,speaker,text,cluster tokens,cluster
6,Trump,"Thank you very much, Chris. I will tell you very simply. We won the election. Elections have consequences. We have the Senate, we have the White House, and we have a phenomenal nominee respected by all. Top, top academic, good in every way. Good in every way. In fact, some of her biggest endorsers are very liberal people from Notre Dame and other places. So I think she's going to be fantastic. We have plenty of time. Even if we did it after the election itself. I have a lot of time after the election, as you know. So I think that she will be outstanding. She's going to be as good as anybody that has served on that court. We really feel that. We have a professor at Notre Dame, highly respected by all, said she's the single greatest student he's ever had. He's been a professor for a long time at a great school.",thank chris tell simply win election election consequence senate white house phenomenal nominee respect academic good way good way fact big endorser liberal people notre dame place think go fantastic plenty time election lot time election know think outstanding go good anybody serve court feel professor notre dame highly respect say single great student professor long time great school,0
7,Trump,"And we won the election and therefore we have the right to choose her, and very few people knowingly would say otherwise. And by the way, the Democrats, they wouldn't even think about not doing it. The only difference is they'd try and do it faster. There's no way they would give it up. They had Merrick Garland, but the problem is they didn't have the election so they were stopped. And probably that would happen in reverse, also. Definitely would happen in reverse. So we won the election and we have the right to do it, Chris.",win election right choose people knowingly way democrats think difference try fast way merrick garland problem election stop probably happen reverse definitely happen reverse win election right chris,0
10,Trump,"Thank you, Joe.",thank joe,5
14,Trump,"There aren't a hundred million people with pre-existing conditions. As far as a say is concerned, the people already had their say. Okay, Justice Ginsburg said very powerfully, very strongly, at some point 10 years ago or so, she said a President and the Senate is elected for a period of time, but a President is elected for four years. We're not elected for three years. I'm not elected for three years. So we have the Senate, we have a President-",million people pre existing condition far concern people okay justice ginsburg say powerfully strongly point year ago say president senate elect period time president elect year elect year elect year senate president,5
16,Trump,"During that period of time, during that period of time, we have an opening. I'm not elected for three years. I'm elected for four years. Joe, the hundred million people is totally wrong. I don't know where you got that number. The bigger problem that you have is that you're going to extinguish 180 million people with their private health care, that they're very happy this.",period time period time opening elect year elect year joe million people totally wrong know get big problem go extinguish million people private health care happy,5
18,Trump,"Well, you're certainly going to socialist. You're going to socialist-",certainly go socialist go socialist,0
23,Trump,That's not what you've said and it's not what your party is saying.,say party say,0
25,Trump,Your party doesn't say it. Your party wants to go socialist medicine and socialist healthcare.,party party want socialist medicine socialist healthcare,0
27,Trump,"And they're going to dominate you, Joe. You know that.",go dominate joe know,3
29,Trump,Not according to Harris.,accord harris,0
31,Trump,"Joe, you've had 308,000 military people dying because you couldn't provide them proper healthcare in the military. So don't tell me about this.",joe military people die provide proper healthcare military tell,5
33,Trump,"And if you were here, it wouldn't be 200, it would be two million people because you were very late on the draw. You didn't want me to ban China, which was heavily infected. You didn't want me to ban Europe.",million people late draw want ban china heavily infect want ban europe,0
35,Trump,"You would have been much later, Joe, much later.",later joe later,5
37,Trump,We're talking about two million people.,talk million people,1
41,Trump,You don't know what's on the ballot. Why is it on the ballot? Why is it on the ballot? It's not on the ballot.,know ballot ballot ballot ballot,3
43,Trump,I don't think so.,think,2
45,Trump,There's nothing happening there.,happen,3
47,Trump,You don't know her view on Roe V. Wade? You don't know here view.,know view roe v wade know view,3
51,Trump,That's right.,right,0
53,Trump,Because they want to give good healthcare.,want good healthcare,0
57,Trump,"Yes, I have. Of course, I have. The individual mandate.",yes course individual mandate,0
59,Trump,"Excuse me. I got rid of the individual mandate, which was a big chunk of Obamacare.",excuse get rid individual mandate big chunk obamacare,5
61,Trump,That is absolutely a big thing. That was the worst part of Obamacare.,absolutely big thing bad obamacare,5
63,Trump,"Chris, that was the worst part of Obamacare.",chris bad obamacare,0
65,Trump,"Well, I'll ask Joe. The individual mandate was the most unpopular aspect of Obamacare.",ask joe individual mandate unpopular aspect obamacare,5
67,Trump,I got rid of it. And we will protect people.,get rid protect people,5
69,Trump,Go ahead.,ahead,0
71,Trump,"Well, first of all, I guess I'm debating you, not him, but that's okay. I'm not surprised. Let me just tell you something. There's nothing symbolic. I'm cutting drug prices. I'm going with Favored Nations, which no President has the courage to do because you're going against big pharma. Drug prices will be coming down 80 or 90%. You could have done it during your 47 year period in government, but you didn't do it. Nobody's done it. So we're cutting healthcare.",guess debate okay surprised let tell symbolic cut drug price go favored nation president courage go big pharma drug price come year period government cut healthcare,5
73,Trump,All of the things that we've done.,thing,0
75,Trump,"I'll give you an example. Insulin, it was destroying families, destroying people, the cost. I'm getting it for so cheap it's like water, you want to know the truth. So cheap. Take a look at all of the drugs that what we're doing. Prescription drug prices, we're going to allow our Governors now to go to other countries to buy drugs because when they paid just a tiny fraction of what we do.",example insulin destroy family destroy people cost get cheap water want know truth cheap look drug prescription drug price go allow governor country buy drug pay tiny fraction,0
77,Trump,This is big stuff.,big stuff,5
83,Trump,"That's not what your party says, by the way.",party say way,0
86,Trump,"Joe, you agreed with Bernie Sanders, who's far left, on the manifesto, we call it. And that gives you socialized medicine.",joe agree bernie sander far leave manifesto give socialized medicine,0
88,Trump,Are you saying you didn't agree?,say agree,0
94,Trump,If Pocahontas would have left two days early you would have lost every primary.,pocahontas leave day early lose primary,0
96,Trump,"On Super Tuesday, you got very lucky.",super tuesday get lucky,0
102,Trump,"But you agree. Joe, you're the liar. You graduated last in your class not first in your class.",agree joe liar graduate class class,5
106,Trump,"You'd be surprised. You'd be surprised. Go ahead, Joe.",surprised surprised ahead joe,5
108,Trump,"Listen, you agreed with Bernie Sanders and the manifesto.",listen agree bernie sander manifesto,0
112,Trump,He just lost the left.,lose left,0
114,Trump,"You just lost the left. You agreed with Bernie Sanders on a plan that you absolutely agreed to and under that plan  , they call it socialized medicine.",lose left agree bernie sander plan absolutely agree plan socialize medicine,0
117,Trump,"Who is, Bernie?",bernie,0
119,Trump,"No, I want to give them better healthcare at a much lower price, because Obamacare is no good.",want well healthcare low price obamacare good,0
121,Trump,I've already fixed it.,fix,0
123,Trump,"We've already fixed it to an extent. Obamacare, as you might know but probably don't, Obamacare is no good.",fix extent obamacare know probably obamacare good,3
125,Trump,"Obamacare is no good. We made it better and I had a choice to make very early on. We took away the individual mandate. We guaranteed pre-existing conditions, but took away the individual mandate. Listen, this is the way it is. And that destroyed ... They shouldn't even call it Obamacare, then I had a choice to make, do I let my people run it really well or badly? If I run it badly, they'll probably blame him, but they'll blame me. But more importantly, I want to help people. Okay. I said, You've got to run it so well. And I just had a meeting with them. They said the problem is, no matter how well you run Obamacare, it's a disaster. It's too expensive. Premiums are too high, that it doesn't work. So we do want to get rid of it. Chris, we want to get rid of that and give something that's cheaper and better.",obamacare good well choice early take away individual mandate guarantee pre existing condition take away individual mandate listen way destroy obamacare choice let people run badly run badly probably blame blame importantly want help people okay say get run meeting say problem matter run obamacare disaster expensive premium high work want rid chris want rid cheap well,0
127,Trump,Go ahead.,ahead,0
129,Trump,Good.,good,0
131,Trump,"Of course, we do.",course,0
138,Trump,Are you going to pack the court?,go pack court,0
140,Trump,Are you going to pack the court?,go pack court,0
142,Trump,He doesn't want to answer the question.,want answer question,0
144,Trump,Why wouldn't you answer that question? You want to put a lot of new Supreme Court Justices. Radical left.,answer question want lot new supreme court justice radical left,0
146,Trump,"Listen, who is on your list, Joe? Who's on your list?",listen list joe list,5
149,Trump,He's going to pack the court. He is not going to give a list.,go pack court go list,0
152,Trump,"The people understand, Joe.",people understand joe,5
154,Trump,"47 years, you've done nothing. They're understand.",year understand,5
158,Trump,Wrong.,wrong,4
160,Trump,Wrong.,wrong,4
162,Trump,It's so wrong.,wrong,4
164,Trump,"So, if we would have listened to you.",listen,0
166,Trump,"If we would've listened to you, the country would have been left wide open, millions of people would have died, not 200,000. And one person is too much. It's China's fault. It should have never happened. They stopped it from going in, but it was China's fault. And, by the way, when you talk about numbers, you don't know how many people died in China. You don't know how many people died in Russia. You don't know how many people died in India. They don't exactly give you a straight count, just so you understand. But if you look at what we've done, I closed it and you said, He's xenophobic. He's a racist and he's xenophobic, because you didn't think I should have closed our country. Wait a minute.",listen country leave wide open million people die person china fault happen stop go china fault way talk know people die china know people die russia know people die india exactly straight count understand look close say xenophobic racist xenophobic think close country wait minute,3
168,Trump,"You didn't think we should have closed our country because you thought it was terrible. You wouldn't have closed it for another two months. By my doing it early, in fact, Dr. Fauci said, President Trump saved thousands of lives. Many of your Democrat Governors said, President Trump did a phenomenal job. We worked with the Governor. Oh really, go take a look. The Governors said I did a phenomenal job. Most of them said that. In fact, people that would not be necessarily on my side said that, President Trump did a phenomenal job. We did. We got the gowns. We got the masks. We made the ventilators. You wouldn't have made ventilators. And now we're weeks away from a vaccine. We're doing therapeutics already. Fewer people are dying when they get sick. Far fewer people are dying. We've done a great job.",think close country think terrible close month early fact dr fauci say president trump save thousand life democrat governor say president trump phenomenal job work governor look governor say phenomenal job say fact people necessarily say president trump phenomenal job get gown get mask ventilator ventilator week away vaccine therapeutic few people die sick far few people die great job,0
169,Trump,"The only thing I haven't done a good job, and that's because of the fake news, no matter what you say to them, they give you a bad press on it. It's just fake news. They give you good press, they give me bad press because that's the way it is, unfortunately. But let me just say something. I don't care. I've gotten used to it. But I'll tell you, Joe, you could never have done the job that we did. You don't have it in your blood. You could've never done that, Joe.",thing good job fake news matter bad press fake news good press bad press way unfortunately let care get tell joe job blood joe,5
171,Trump,"Well, you didn't do very well in Swine Flu. H1-N1, you were a disaster. Your own Chief of Staff said you were a disaster.",swine flu h n disaster chief staff say disaster,0
173,Trump,"A far less lethal disease, by the way.",far lethal disease way,0
176,Trump,"We would have lost far more people, far more people. You would have been months late. You're months behind me, Joe.",lose far people far people month late month joe,5
178,Trump,"You don't trust Johnson & Johnson, Pfizer?",trust johnson johnson pfizer,0
180,Trump,"Well, I've spoken to the companies and we can have it a lot sooner. It's a very political thing because people like this would rather make it political than save lives.",speak company lot soon political thing people political save life,5
182,Trump,"It is a very political thing. I've spoken to Pfizer, I've spoken to all of the people that you have to speak to, Moderna, Johnson & Johnson, and others. They can go faster than that by a lot. It's become very political because the left... Or I don't know if I call them left, I don't know what I call them.",political thing speak pfizer speak people speak moderna johnson johnson fast lot political left know leave know,3
184,Trump,"I disagree with him. No, I disagree with both of them. And he didn't say that. He said it could be there, but it could also be much sooner. I had him in my office two days ago.",disagree disagree say soon office day ago,0
186,Trump,Because he said it's a possibility that we'll have the answer before November 1st. It could also be after that.,say possibility answer november st,0
188,Trump,"Well, we're going to deliver it right away. We have the military all set up. Logistically, they're all set up. We have our military that delivers soldiers and they can do 200,000 a day. They're going to be delivering-",go deliver right away military set logistically set military deliver soldier day go delivering,0
190,Trump,It's all set up.,set,0
192,Trump,"That was said sarcastically, and you know that. That was said sarcastically.",say sarcastically know say sarcastically,3
195,Trump,You'll have the vaccine sooner than that.,vaccine soon,0
204,Trump,We spoke to the scientists that are in charge-,speak scientist charge,0
206,Trump,... they will have the vaccine very soon.,vaccine soon,0
210,Trump,"Did you use the word smart? So you said you went to Delaware State, but you forgot the name of your college. You didn't go to Delaware State. You graduated either the lowest or almost the lowest in your class. Don't ever use the word smart with me. Don't ever use that word.",use word smart say go delaware state forget college delaware state graduate low low class use word smart use word,0
212,Trump,"Because you know what? There's nothing smart about you, Joe. 47 years you've done nothing.",know smart joe year,3
214,Trump,"Let me just tell you something, Joe. If you would have had the charge of what I was put through, I had to close the greatest economy of the history of our country. And by the way, now it's being built again and it's going up fast.",let tell joe charge close great economy history country way build go fast,5
216,Trump,Okay. It's going up fast. I look forward to talking about it.,okay go fast look forward talk,0
219,Trump,Tell that to Nancy Pelosi.,tell nancy pelosi,0
221,Trump,"Tell that to Nancy Pelosi, and Schumer   Chuck.",tell nancy pelosi schumer chuck,0
223,Trump,"You probably play more than I do, Joe.",probably play joe,5
225,Trump,"Well, he wants to shut down this country and I want to keep it open, and we did a great thing by shutting it down-",want shut country want open great thing shut down,0
227,Trump,"Wait a minute, Joe. Let me shut you down for a second, Joe, just for one second. He wants to shut down the country. We just went through it. We had to, because we didn't know anything about the disease. Now we've found that elderly people with heart problems and diabetes and different problems are very, very vulnerable. We learned a lot. Young children aren't, even younger people aren't. We've learned a lot, but he wants to shut it down. More people will be hurt by continuing. If you look at Pennsylvania, if you look at certain states that have been shut down, they have Democrat governors, all, one of the reasons they shut down is because they want to keep it shut down until after the election on November 3rd.",wait minute joe let shut second joe second want shut country go know disease find elderly people heart problem diabetes different problem vulnerable learn lot young child young people learn lot want shut people hurt continue look pennsylvania look certain state shut democrat governor reason shut want shut election november rd,5
229,Trump,Because it's a political thing.,political thing,0
233,Trump,But those states-,states,0
235,Trump,Those states are not doing well that are shut down right now.,state shut right,0
237,Trump,He wants to shut down the whole country.,want shut country,0
239,Trump,"No, I think masks are okay. You have to understand, if you look... I mean, I have a mask right here. I put a mask on when I think I need it. Tonight, as an example, everybody's had a test and you've had social distancing and all of the things that you have to, but I wear masks-",think mask okay understand look mean mask right mask think need tonight example everybody test social distancing thing wear masks,2
241,Trump,"... when needed. When needed, I wear masks.",need need wear mask,0
243,Trump,"I don't wear a mask like him. Every time you see him, he's got a mask. He could be speaking 200 feet away from him and he shows up with the biggest mask I've ever seen. I will say this-",wear mask time get mask speak foot away show big mask see this,0
248,Trump,And they've also said the opposite. They've also said-,say opposite said,0
251,Trump,Dr. Fauci. Dr. Fauci said the opposite.,dr fauci dr fauci say opposite,0
254,Trump,"He said very strongly, Masks are not good. Then he changed his mind. He said, Masks are good.",say strongly mask good change mind say mask good,0
256,Trump,I'm okay with masks. I'm not fighting masks.,okay mask fight mask,0
258,Trump,Outside.,outside,0
262,Trump,"Well, it's true. Nobody shows up to his rallies.",true show rally,0
264,Trump,Because people want to hear what I have to say. I mean-,people want hear mean,5
266,Trump,"... I'm doing my job as a president, and I'll have 25, 35,000 people show up at airports. We use airports and hangers and we have a lot of people-",job president people airport use airport hanger lot people,5
268,Trump,"Well, so far we have had no problem whatsoever. It's outside. That's a big difference according to the experts. We do them outside, we have tremendous crowds, as you see, and literally on 24 hours notice. And Joe does the circles and has three people someplace.",far problem whatsoever outside big difference accord expert outside tremendous crowd literally hour notice joe circle people someplace,5
270,Trump,We've had no negative effect.,negative effect,0
272,Trump,"We've had no negative effect, and we've had 35, 40,000 people at these rallies.",negative effect people rally,5
275,Trump,"If you could get the crowds, you would have done the same thing. But you can't. Nobody cares.",crowd thing care,5
277,Trump,No cares.,care,5
279,Trump,Yes.,yes,0
281,Trump,Much faster.,fast,0
283,Trump,"So we built the greatest economy in history. We closed it down because of the China plague. When the plague came in, we closed it down, which was very hard psychologically to do. He didn't think we should close it down and he was wrong. Again, two million people would be dead now instead of... Still, 204,000 people is too much. One person is too much. Should have never happened from China. But what happened is we closed it down and now we're reopening and we're doing record business. We had 10.4 million people in a four month period that we've put back into the workforce. That's a record the likes of which nobody's ever seen before. And he wants to close down the... He will shut it down again. He will destroy this country.",build great economy history close china plague plague come close hard psychologically think close wrong million people dead instead people person happen china happen close reopen record business million people month period workforce record see want close shut destroy country,5
284,Trump,"A lot of people, between drugs and alcohol and depression, when you start shutting it down, you take a look at what's happening at some of your Democrat-run states where they have these tough shutdowns. And I'm telling you it's because they don't want to open it. One of them came out last week, you saw that, Oh, we're going to open up on November 9th. Why November 9th? Because it's after the election. They think they're hurting us by keeping them closed. They're hurting people. People know what to do. They can social distance. They can wash their hands, they can wear masks. They can do whatever they want, but they got to open these states up.",lot people drug alcohol depression start shut look happen democrat run state tough shutdown tell want open come week see go open november th november th election think hurt keep closed hurt people people know social distance wash hand wear mask want get open state,0
285,Trump,"When you look at North Carolina, when you look, and these governors are under siege, Pennsylvania, Michigan, and a couple of others, you got to open these states up. It's not fair. You're talking about almost it's like being in prison. And you look at what's going on with divorce, look at what's going on with alcoholism and drugs. It's a very, very sad thing. And he'll close down the whole country. This guy will close down the whole country and destroy our country. Our country is coming back incredibly well, setting records as it does it. We don't need somebody to come in and say, Let's shut it down.",look north carolina look governor siege pennsylvania michigan couple get open state fair talk prison look go divorce look go alcoholism drug sad thing close country guy close country destroy country country come incredibly set record need somebody come let shut,0
288,Trump,That's wrong.,wrong,4
296,Trump,I have to respond to that.,respond,0
298,Trump,"Excuse me, he made a statement.",excuse statement,0
300,Trump,"No, people want their schools open. They don't want to be shut down. They don't want their state shut down. They want their restaurants. I look at New York. It's so sad what's happening in New York. It's almost like a ghost town, and I'm not sure it can ever recover what they've done to New York. People want their places open. They want to get back to their lives.",people want school open want shut want state shut want restaurant look new york sad happen new york ghost town sure recover new york people want place open want life,0
302,Trump,"They'll be careful, but they want their schools open.",careful want school open,0
304,Trump,"I'm the one that brought back football. By the way, I brought back Big Ten football. It was me and I'm very happy to do it-",bring football way bring big football happy it,5
306,Trump,... and people of Ohio are very proud of me. And you know how I found out? When  .,people ohio proud know find,3
308,Trump,"I paid millions of dollars in taxes, millions of dollars of income tax. And let me just tell you, there was a story in one of the papers that paid-",pay million dollar taxis million dollar income tax let tell story paper paid,1
310,Trump,"I paid $38 million one year, I paid $27 million one year.",pay million year pay million year,1
312,Trump,"You'll see it as soon as it's finished, you'll see it. You know, if you wanted to, go to the Board of Elections. There's 118 page or so report that says everything I have, every bank I have, I'm totally under leveraged because the assets are extremely good, and I built a great company.",soon finish know want board election page report say bank totally leveraged asset extremely good build great company,0
314,Trump,But let me tell you-,let tell you,5
318,Trump,Let me-,let me,5
320,Trump,Millions of dollars.,million dollar,1
322,Trump,"Millions of dollars, yes.",million dollar yes,1
324,Trump,Millions of dollars. And you'll get to see it. And you'll get to see it.,million dollar,1
326,Trump,But let me just tell you-,let tell you,5
328,Trump,"Chris, let me just say something, that it was the tax laws. I don't want to pay tax. Before I came here, I was a private developer, I was a private business people. Like every other private person, unless they're stupid, they go through the laws, and that's what it is. He passed a tax bill that gave us all these privileges for depreciation and for tax credits. We build the building and we get tax credits, like the hotel on Pennsylvania Avenue. Which by the way, was given to me by the Obama administration, if you can believe that. Now the man got fired right after that happened, but that's-",chris let tax law want pay tax come private developer private business people private person stupid law pass tax bill give privilege depreciation tax credit build building tax credit hotel pennsylvania avenue way give obama administration believe man get fire right happen is,5
331,Trump,That's okay.,okay,0
333,Trump,But why didn't you do it over the last 25 years?,year,5
335,Trump,Why didn't you do it over the last 25 years?,year,5
337,Trump,You were a Senator and  -,senator,0
339,Trump,"Hey, Joe, let me just tell you, Joe. In 47 months, I've done more than you've done in 47 years, Joe. We've done things that you never even thought of doing.",joe let tell joe month year joe thing think,5
341,Trump,"Including fixing the broken military that you gave me, including taking care of your debts.",include fix broken military give include take care debt,5
349,Trump,"Why didn't you do it before, when you were vice president with Obama?",vice president obama,0
351,Trump,I got it done. And you know what happened?,get know happen,3
353,Trump,Our economy boomed like it's never boomed before.,economy boom boom,0
360,Trump,Excuse me.,excuse,0
362,Trump,"They had the slowest economic recovery since 1929. It was the slowest recovery. Also, they took over something that was down here. All you had to do is turn on the lights and you pick up a lot. But they had the slowest economic recovery since 1929, and let me tell you about the stock market. When the stock market goes up, that means jobs. It also means 401ks. If you got in, if you ever became president with your ideas, you want to terminate my taxes. I'll tell you what, you'll lose. Half of the companies that have poured in here will leave. And plenty of companies that are already here, they'll leave for other places.   They will leave and you will have a depression, the likes of which you've never seen.",slow economic recovery slow recovery take turn light pick lot slow economic recovery let tell stock market stock market go mean job mean ks get president idea want terminate taxis tell lose half company pour leave plenty company leave place leave depression see,0
366,Trump,It wasn't blooming.,bloom,0
368,Trump,He was in booming. It was the weakest recovery since 1929.,boom weak recovery,0
370,Trump,When COVID came along.,covid come,0
373,Trump,"Excuse me, Chris, wait.",excuse chris wait,0
375,Trump,Chris.,chris,0
377,Trump,"They said it would take... No, you're on number two.",say,0
379,Trump,"Chris, Chris. They said it would take-",chris chris say take,0
381,Trump,"... a miracle to bring back manufacturing. I brought back 700,000 jobs. They brought back nothing. They gave up on manufacturing.",miracle bring manufacturing bring job bring give manufacturing,0
383,Trump,... standard fare.,standard fare,0
385,Trump,He totally gave up on manufacturing.,totally give manufacturing,0
388,Trump,Ohio had the best year it's ever had last year. Michigan had the best year they've ever had.,ohio good year year michigan good year,5
390,Trump,"Many car companies came in from Germany, from Japan, went to Michigan, went to Ohio and they didn't come in with you.  .",car company come germany japan go michigan go ohio come,0
393,Trump,China ate your lunch-  .,china eat lunch,0
395,Trump,"China ate your lunch, Joe. And no wonder your son goes in and he takes out billions of dollars. He takes out billions of dollars to manage. He makes millions of dollars. And also, while we're at it, why is it just out of curiosity, the mayor of Moscow's wife gave you a son three and a half million dollars?",china eat lunch joe wonder son go take billion dollar take billion dollar manage make million dollar curiosity mayor moscow wife give son half million dollar,1
397,Trump,What did he do to deserve it? What did he do with-,deserve with,0
399,Trump,"... to deserve $183,000?",deserve,0
402,Trump,"Oh really, he didn't get three and a half million?",half million,1
407,Trump,"Well wait, he didn't get three and a half million dollars, Joe?",wait half million dollar joe,1
409,Trump,He got three and a half million-,get half million,1
411,Trump,... dollars.,dollar,1
415,Trump,It's a fact.,fact,0
419,Trump,"Did Burisma pay him 183,000 a month, with no experience in energy?",burisma pay month experience energy,0
422,Trump,I think he did.,think,2
427,Trump,The media.,medium,0
429,Trump,"By the media, because they refuse to talk about it-",medium refuse talk it,0
431,Trump,... because they're embarrassed.,embarrassed,0
435,Trump,"So let me ask you this, Joe-  .",let ask joe,5
438,Trump,He got three and a half million dollars from Moscow.,get half million dollar moscow,1
442,Trump,I'd like to know who they are.,know,3
444,Trump,I'll fire them.,fire,0
447,Trump,Some people don't do a good job.,people good job,5
451,Trump,"Hey, let me just tell you, Joe-",let tell joe,5
453,Trump,"Three and a half million, Joe.",half million joe,1
455,Trump,Why did he deserve three and a half million from Moscow?,deserve half million moscow,1
457,Trump,My family-,family,0
459,Trump,My family lost a fortune by coming down and helping us with governance.,family lose fortune come help governance,0
462,Trump,Every single one of them lost a fortune-,single lose fortune,0
467,Trump,"Chris, can I be honest? It's a very important question-",chris honest important question,0
470,Trump,He stood up-,stand up,0
472,Trump,... and the threatened Ukraine-,threaten ukraine,0
474,Trump,... with a billion dollars-,billion dollars,0
481,Trump,"Well, that's all right, but he does plenty.",right plenty,0
483,Trump,He does plenty.,plenty,0
485,Trump,"Oh yeah, sure.",sure,0
487,Trump,That's true.,true,0
495,Trump,So-,so,0
497,Trump,"You did a crime bill, 1994, where you call them super predators. African-Americans are super predators and they've never forgotten it. They've never forgotten it.",crime bill super predator african americans super predator forget forget,0
500,Trump,"So you did that and they call you a super predator and I'm letting people out of jail now, that you have treated the African-American population community, you have treated the black community about as bad as anybody in this country. You did the 1990... And that's why, if you look at the polls, I'm doing better than any Republican has done in a long time, because they saw what you did. You call them super predators, and you've called them worse than that. Because you look back at your testimony over the years, you've called them a lot worse than that. As far as the church is concerned and as far as the generals are concerned, we just got the support of 250 military leaders and generals, total support. Law enforcement, almost every law enforcement group in the United States. I have Florida. I have Texas. I have Ohio. I have every... Excuse me, Portland, the sheriff just came out today and he said, I support President Trump.",super predator let people jail treat african american population community treat black community bad anybody country look poll well republican long time see super predator call bad look testimony year call lot bad far church concern far general concern get support military leader general total support law enforcement law enforcement group united states florida texas ohio excuse portland sheriff come today say support president trump,5
501,Trump,"I don't think you have any law enforcement. You can't even say the word law enforcement. Because if you say those words, you're going to lose all of your radical left supporters. And why aren't you saying those words, Joe? Why don't you say the words law enforcement? Because you know what? If called us in Portland, we would put out that fire in a half an hour. But they won't do it, because they're run by radical left Democrats. If you look at Chicago, if you look at any place you want to look, Seattle, they heard we were coming in the following day and they put up their hands and we got back Seattle. Minneapolis, we got it back, Joe, because we believe in law and order, but you don't. The top 10 cities and just about the top 40 cities are run by Democrats, and in many cases radical left. And they've got you wrapped around their finger, Joe, to a point where you don't want to say anything about law and order. And I'll tell you what, the people of this country want and demand law and order and you're afraid to even say it.",think law enforcement word law enforcement word go lose radical left supporter say word joe word law enforcement know call portland fire half hour run radical left democrats look chicago look place want look seattle hear come follow day hand get seattle minneapolis get joe believe law order city city run democrat case radical left get wrap finger joe point want law order tell people country want demand law order afraid,0
506,Trump,What is peaceful protest? When they run through the middle of the town-,peaceful protest run middle town,0
508,Trump,... and burn down your stores and kill people all over the place-  .,burn store kill people place,5
512,Trump,Fine.,fine,0
514,Trump,"I ended it because it's racist. I ended it because a lot of people were complaining that they were asked to do things that were absolutely insane. That it a radical revolution that was taking place in our military, in our schools, all over the place. And you know it, and so does everybody else. And he would know it-",end racist end lot people complain ask thing absolutely insane radical revolution take place military school place know everybody know it,3
516,Trump,"If you were a certain person, you had no status in life. It was sort of a reversal. And if you look at the people, we were paying people hundreds of thousands of dollars to teach very bad ideas and frankly, very sick ideas. And really, they were teaching people to hate our country And I'm not going to do that. I'm not going to allow that to happen. We have to go back to the core values of this country. They were teaching people that our country is a horrible place. It's a racist place. And they were teaching people to hate our country. And I'm not going to allow that to happen.",certain person status life sort reversal look people pay people hundred thousand dollar teach bad idea frankly sick idea teach people hate country go go allow happen core value country teach people country horrible place racist place teach people hate country go allow happen,5
519,Trump,You just don't know.,know,3
524,Trump,"During the Obama-Biden administration, there was tremendous division. There was hatred. You look at Ferguson, you look at, or you go to very... Many places, look at Oakland. Look what happened in Oakland. Look what happened in Baltimore. Look what happened... Frankly, it was more violent than what I'm even seeing now.",obama biden administration tremendous division hatre look ferguson look place look oakland look happen oakland look happen baltimore look happen frankly violent see,0
526,Trump,But the reason-,reason,0
528,Trump,... is that the Democrats that run these cities-,democrats run cities,0
530,Trump,"... don't want to talk, like you, about law and order.",want talk law order,0
532,Trump,And you still haven't mentioned. Are you in favor of law and order?,mention favor law order,0
534,Trump,Are you in favor of law and order?,favor law order,0
537,Trump,Okay.,okay,0
539,Trump,It went down much more in ours.,go,0
541,Trump,The places we had trouble were democratic run cities-,place trouble democratic run cities,0
544,Trump,"I think as a party issue, you can bring in a couple of examples but if you look at Chicago, what's going on in Chicago where a 53 people were shot and eight died shot, if you look at New York where it's going up, like nobody's ever seen anything. The numbers are going up a 100%, 150%, 200% crime, it is crazy what's going on and he doesn't want to say law and order because he can't because he'll lose his radical left supporters and once he does that, it's over with. But if he ever got to run this country and they ran it the way he would want to run it, we would have by the way our suburbs would be gone. And you would see problems like you've never seen before.",think party issue bring couple example look chicago go chicago people shoot die shot look new york go see go crime crazy go want law order lose radical left supporter get run country run way want run way suburb go problem see,0
546,Trump,"Oh, I know suburbs so much that you.",know suburb,3
551,Trump,That's not what they are talking about this. That's not what it is about. He's talking about defunding the police.,talk talk defunde police,0
553,Trump,He doesn't have any law support. He has no law enforcement.,law support law enforcement,0
555,Trump,"He has almost nothing. Oh, really, who do you have name one group that supports you name one group that came out and supported you. Go ahead. Think we have time.",group support group come support ahead think time,2
557,Trump,"No, no think right now. Name one law enforcement group that came out in support of you.",think right law enforcement group come support,2
566,Trump,Oh really? I sent in the US Marshalls to get the killer of a young man in the middle of the street and they shot him for three days Portland didn't do anything. I sent in the US Marshals they took care of business.,send marshall killer young man middle street shoot day portland send marshal take care business,0
569,Trump,I don't know who said that.,know say,3
573,Trump,I don't think she said that.,think say,2
575,Trump,I don't think so.,think,2
578,Trump,Does it mean I have to answer his stuff.,mean answer stuff,0
580,Trump,"Wait a second, you have made a statement.",wait second statement,0
582,Trump,I would love to end it.,love end,0
584,Trump,"I'll send in the National Guard, it would be over. That'd be no problem. But I don't want to accept the National Guard.",send national guard problem want accept national guard,0
586,Trump,"Sure, I'm will to do that.",sure,0
588,Trump,I would say almost everything I see is from the left wing not from the right wing.,left wing right wing,0
590,Trump,I'm willing to do anything. I want to see peace.,willing want peace,0
593,Trump,"What do you want to call them? Give me a name, give me a name, go ahead who do you want me to condemn.",want ahead want condemn,0
595,Trump,"Proud Boys, stand back and stand by. But I'll tell you what somebody's got to do something about Antifa and the left because this is not a right wing problem this is a left wing.",proud boy stand stand tell somebody get antifa left right wing problem left wing,0
597,Trump,Oh you got to be kidding me.,get kid,0
599,Trump,"Well, then you know what, he's wrong.",know wrong,4
601,Trump,Antifa is bad.,antifa bad,0
603,Trump,"You know what, Antifa is a dangerous radical group.",know antifa dangerous radical group,3
605,Trump,"And you ought to be careful of them, they'll over throw you.",ought careful throw,0
607,Trump,"Because there is never been an administration or president who has done more than I've done in a period of three and a half years. And that's despite the impeachment hoax and you so what happened today with Hillary Clinton, where it was a whole big con job. But despite going through all of these things where I had a fight, both flanks and behind me and above there has never been an administration that's done what I've done. The greatest, before COVID came in the greatest economy in history, lowest unemployment numbers, everything was good. Everything was going.",administration president period half year despite impeachment hoax happen today hillary clinton big con job despite go thing fight flank administration great covid come great economy history low unemployment good go,5
608,Trump,"And by the way, there was unity going to happen. People were calling me for the first time in years, they were calling and they were saying it's time maybe and then what happened? We got hit. But now we're building it back up again. A rebuilding of the military, including Space Force and all of the other things. A fixing of the VA which was a mess under him, 308,000 people died because they didn't have proper health care. It was a mess. And we now got a 91% approval rating at the VA, our vets. We take care of our vets. But we've rebuilt our military. And I'll tell you something, some people say maybe the most important by the end of the first term I'll have approximately 300 Federal judges and Court of Appeals judges, 300 and hopefully three great Supreme Court judges, justices that is a record the likes of which very few people and one of the reasons I'll have so many judges because President Obama and him left me 128 judges to fill.",way unity go happen people call time year call say time maybe happen get hit build rebuilding military include space force thing fixing va mess people die proper health care mess get approval rating va vet care vet rebuild military tell people maybe important end term approximately federal judge court appeal judge hopefully great supreme court judge justice record people reason judge president obama leave judge fill,5
609,Trump,"When you leave office, you don't leave any judges. That's like, you just don't do that. They left 128 openings and if I were a member of his party, because they have a little different philosophy, I'd say, if you left us 128 openings you can't be a good president. You can't be a good vice president but I want to thank you because it gives us almost, it'll probably be above that number. By the end of this term, 300 judges. It's a record.",leave office leave judge leave opening member party little different philosophy leave opening good president good vice president want thank give probably end term judge record,0
612,Trump,You son got three and a half million dollars.,son get half million dollar,1
622,Trump,"Are you talking Hunter, are you talking about Hunter.",talk hunter talk hunter,0
624,Trump,I don't know Beau. I know Hunter. Hunter got thrown out of the military. He was thrown out dishonorably discharged.,know beau know hunter hunter get throw military throw dishonorably discharge,3
626,Trump,For cocaine use. And he didn't have a job until you became vice president.,cocaine use job vice president,0
628,Trump,"Once you became vice president he made a fortune in Ukraine, in China, in Moscow and various other places.",vice president fortune ukraine china moscow place,0
630,Trump,He made a fortune and he didn't have a job.,fortune job,0
632,Trump,But why was he given tens of millions of dollars?,give ten million dollar,1
635,Trump,I know but when somebody gets three and a half million dollars from the Mayor of Moscow.,know somebody get half million dollar mayor moscow,1
642,Trump,"I want crystal clean water and air. I want beautiful clean air. We have now the lowest carbon... If you look at our numbers right now, we are doing phenomenally. But I haven't destroyed our businesses. Our businesses aren't put out of commission. If you look at the Paris Accord, it was a disaster from our standpoint. And people are actually very happy about what's going on because our businesses are doing well. As far as the fires are concerned, you need forest management. In addition to everything else, the forest floors are loaded up with trees, dead trees that are years old and they're like tinder and leaves and everything else. You drop a cigarette in there the whole forest burns down. You've got to have forest management.",want crystal clean water air want beautiful clean air low carbon look right phenomenally destroy business business commission look paris accord disaster standpoint people actually happy go business far fire concern need forest management addition forest floor load tree dead tree year old tinder leave drop cigarette forest burn get forest management,5
644,Trump,"I believe that we have to do everything we can to have immaculate air immaculate water and do whatever else we can that's good. We're planting a billion trees, the Billion Tree Project and it's very exciting for a lot of people.",believe immaculate air immaculate water good plant billion tree billion tree project exciting lot people,5
646,Trump,"I think a lot of things do, but I think to an extent, yes. I think to an extent, yes, but I also think we have to do better management of our forest. Every year I get the call. California's burning, California's burning. If that was cleaned, if that were, if you had forest management, good forest management, you wouldn't be getting those calls. In Europe, they live they're forest cities. They call forest cities. They maintain their forest. They manage their forest. I was with the head of a major country, it's a forest city. He said, Sir, we have trees that are far more, they ignite much easier than California. There shouldn't be that problem. I spoke with the Governor about it. I'm getting along very well with the governor. But I said, At some point you can't every year have hundreds of thousands of acres of land just burned to the ground. That's burning down because of a lack of management.",think lot thing think extent yes think extent yes think well management forest year california burn california burn clean forest management good forest management get call europe live forest city forest city maintain forest manage forest head major country forest city say sir tree far ignite easy california problem speak governor get governor say point year hundred thousand acre land burn ground burn lack management,2
648,Trump,Because it was driving energy prices through the sky.,drive energy price sky,0
650,Trump,"Well, not really because what's happening is the car is much less expensive and it's a much safer car and you talk it about a tiny difference. And then what would happen because of the cost of the car you would have at least double and triple the number of cars purchased. We have the old slugs out there that are 10, 12 years old. If you did that, the car would be safer. It would be much cheaper by $3,500.",happen car expensive safe car talk tiny difference happen cost car double triple car purchase old slug year old car safe cheap,0
652,Trump,"No, but you would take a lot of cars off the market because people would be able to afford a car. Now, by the way, we're going to see how that turns out. But a lot of people agree with me, many people. The car has gotten so expensive because they have computers all over the place for an extra little bit of gasoline. And I'm okay with electric cars too. I think I'm all for electric cars. I've given big incentives for electric cars but what they've done in California is just crazy.",lot car market people able afford car way go turn lot people agree people car get expensive computer place extra little bit gasoline okay electric car think electric car give big incentive electric car california crazy,0
658,Trump,Not true. Not true-,true true,0
660,Trump,"He's talking about the Green New Deal. And it's not 2 billion   or 20 billion, as you said  . It's $100 trillion.",talk green new deal billion billion say trillion,0
663,Trump,And rebuild the building.,rebuild building,0
665,Trump,It's the dumbest-,dumbest,0
667,Trump,... most ridiculous   where two car systems are out-,ridiculous car system out,0
669,Trump,... where they want to take out the cows too.,want cow,0
671,Trump,"That's not true either, right?",true right,0
673,Trump,This is a 100 trillion-,trillion,0
675,Trump,That's more money than our country could make in 100 years  -,money country year,5
681,Trump,100 million dollars.,million dollar,1
683,Trump,I never said that at all-,say all,0
687,Trump,You make up a lot-,lot,0
690,Trump,"Wait a minute, Chris. So why didn't he do it for 47 years? You were vice president-",wait minute chris year vice president,5
692,Trump,"So why didn't you get the world... China sends up real dirt into the air. Russia does. India does. They all do. We're supposed to be good. And by the way, he made a couple of statements. The Green New Deal is a hundred trillion dollars.",world china send real dirt air russia india suppose good way couple statement green new deal trillion dollar,0
695,Trump,"He made a statement about the military. He said I said something about the military. He and his friends made it up, and then they went with it. I never said it.",statement military say say military friend go say,0
697,Trump,He called the military stupid bastards.,call military stupid bastard,0
699,Trump,He said it on tape.  -,say tape,0
704,Trump,You're on tape-,tape,0
717,Trump,"Oh, you don't? Oh, well, that's a big statement.",big statement,5
719,Trump,You just lost the radical left.,lose radical left,0
727,Trump,"So when I listen to Joe talking about a transition, there has been no transition from when I won. I won that election. And if you look at crooked Hillary Clinton, if you look at all of the different people, there was no transition, because they came after me trying to do a coup. They came after me spying on my campaign. They started from the day I won, and even before I won. From the day I came down the escalator with our first lady, they were a disaster. They were a disgrace to our country, and we've caught them. We've caught them all. We've got it all on tape. We've caught them all. And by the way, you gave the idea for the Logan Act against General Flynn. You better take a look at that, because we caught you in a sense, and President Obama was sitting in the office.",listen joe talk transition transition win win election look crooked hillary clinton look different people transition come try coup come spy campaign start day win win day come escalator lady disaster disgrace country catch catch get tape catch way give idea logan act general flynn better look catch sense president obama sit office,0
728,Trump,"He knew about it too. So don't tell me about a free transition. As far as the ballots are concerned, it's a disaster. A solicited ballot, okay, solicited, is okay. You're soliciting. You're asking. They send it back. You send it back. I did that. If you have an unsolicited... They're sending millions of ballots all over the country. There's fraud. They found them in creeks. They found some, just happened to have the name Trump just the other day in a wastepaper basket. They're being sent all over the place. They sent two in a Democrat area. They sent out a thousand ballots. Everybody got two ballots. This is going to be a fraud like you've never seen. The other thing, it's nice. On November 3rd, you're watching, and you see who won the election. And I think we're going to do well because people are really happy with the job we've done.",know tell free transition far ballot concern disaster solicited ballot okay solicited okay solicit ask send send unsolicited send million ballot country fraud find creek find happen trump day wastepaper basket send place send democrat area send thousand ballot everybody get ballot go fraud see thing nice november rd watch win election think go people happy job,3
729,Trump,"But you know what? We won't know. We might not know for months because these ballots are going to be all over. Take a look at what happened in Manhattan. Take a look at what happened in New Jersey. Take a look at what happened in Virginia and other places. They're not losing 2%, 1%, which by the way is too much. An election could be won or lost with that. They're losing 30 and 40%. It's a fraud, and it's a shame. And can you imagine where they say, You have to have your ballot in by November 10th. November 10th. That's seven days after the election, in theory, should have been announced. We have major states   with that-",know know know month ballot go look happen manhattan look happen new jersey look happen virginia place lose way election win lose lose fraud shame imagine ballot november th november th seven day election theory announce major state that,3
731,Trump,... all run by Democrats-,run democrats,0
733,Trump,All run by Democrats.,run democrat,0
735,Trump,It's a rigged election.,rig election,0
737,Trump,"Yeah. I think I'm counting on them to look at the ballots, definitely. I hope we don't need them, in terms of the election itself. But for the ballots, I think so, because what's happening is incredible. I read today where at least 1% of the ballots for 2016 were invalidated. They take them. We don't like them. We don't like them. They throw them out-",think count look ballot definitely hope need term election ballot think happen incredible read today ballot invalidate throw out,2
739,Trump,... left and right.,left right,0
741,Trump,"What you do is you go and vote. You do a solicited ballot, and that's okay-",vote solicit ballot okay,0
743,Trump,You go and vote. You go and vote-,vote vote,0
745,Trump,"You either do, Chris, a solicited ballot, where you're sending it in, they're sending it back and you're sending. They have mailmen with lots of it. Did you see what's going on? Take a look at West Virginia, mailman selling the ballots. They're being sold. They're being dumped in rivers. This is a horrible thing for our country.",chris solicit ballot send send send mailman lot go look west virginia mailman sell ballot sell dump river horrible thing country,0
747,Trump,This is not going to end well.,go end,0
749,Trump,This is not going to end well-,go end well,0
752,Trump,You're wrong. You're wrong  . I love counting the votes  -,wrong wrong love count vote,4
754,Trump,"Chris, he's so wrong when he makes a statement like that-",chris wrong make statement that,4
758,Trump,Excuse me  -,excuse,0
760,Trump,"You know it can't be done. You know it can't, and already, there's been fraud  -",know know fraud,3
763,Trump,Could be months-,months,0
765,Trump,"I'm urging my supporters to go in to the polls and watch very carefully, because that's what has to happen. I am urging them to do it. As you know, today there was a big problem. In Philadelphia, they went in to watch. They're called poll watchers, a very safe, very nice thing. They were thrown out. They weren't allowed to watch. You know why? Because bad things happen in Philadelphia. Bad things. And I am urging my people. I hope it's going to be a fair election. If it's a fair election-",urge supporter poll watch carefully happen urge know today big problem philadelphia go watch call poll watcher safe nice thing throw allow watch know bad thing happen philadelphia bad thing urge people hope go fair election fair election,3
767,Trump,"... I am 100% on board. But if I see tens of thousands of ballots being manipulated, I can't go along with that. And I'll tell you why-",board ten thousand ballot manipulate tell why,0
769,Trump,... from a common sense-,common sense,0
771,Trump,I'll tell you what it means-,tell means,0
773,Trump,It means you have a fraudulent election. You're sending out 80 million ballots-,mean fraudulent election send million ballots,0
775,Trump,"They're not equipped... These people aren't equipped to handle it, number one. Number two, they cheat. They cheat. Hey, they found ballots in a wastepaper basket three days ago, and they all had the name military ballots. There were military. They all had the name Trump on them.",equip people equip handle cheat cheat find ballot wastepaper basket day ago military ballot military trump,0
777,Trump,You think that's good?,think good,2
780,Trump,It's already been established. Take a look at Carolyn Maloney's race-,establish look carolyn maloney race,0
783,Trump,I want to see an honest ballot cut-,want honest ballot cut,0
785,Trump,I want to see an honest ballot count.,want honest ballot count,0
787,Trump,And I think he does too-,think too,2
